time,firstname,lastname,url,title,abstract,kind,slides,youtube
12:00,Romain,Beauxis,https://www.liquidsoap.info/,Liquidsoap news,Latest news about Liquidsoap.,regular,,
12:30,Matthew,Hine,https://stationmanager.tech/,Station Manager 2 - Configurable Automated Netradio,"Using Liquidsoap's tools to create flexible, scheduled, multi-show, playlist-driven netradio stations that are customized entirely through json configuration files.",tech,,
13:00,Attila,Györffy,https://www.attilagyorffy.com/,Do you know what's actually on air? End-to-end testing for Liquidsoap radio pipelines,"In radio and streaming systems, control-plane truth and audio-plane truth are not the same thing. A webhook can fire, metadata can update, and downstream systems can believe the live source is active while the listener briefly hears the wrong source or a transition glitch. This talk presents a practical end-to-end testing method for Liquidsoap-based radio pipelines that verifies what actually went on air. The approach is to connect to the stream like a listener, record the real Icecast output, decode it, and analyze the recording afterwards. By assigning distinct sine-wave frequencies to controlled test inputs, ffmpeg bandpass filters and silence detection can prove which source was audible in which time window. I will cover the failure mode that triggered this work, why event-level assertions were insufficient, how the spectral fingerprinting approach works, and the unexpected harmonic distortion problem caused by the processing chain itself. The result is a practical workflow for testing source transitions, live handoffs, dropouts, and dead air from the listener’s point of view.",tech,,
13:30,Seva,Mikulski,https://mikulski.rocks/,Mikulski_24/7: original music video playlist + live,"My simple but effective setup, created with no programming experience (well, almost).",showcase,,
13:45,Tony,Miller,https://freedrull.online/,HLS streaming with Liquidsoap,How we implemented rtmp streaming with liquidsoap and kept backwards compatibility with icecast clients.,showcase,,
14:00,Vladimir,Lemus,https://automata.bearblog.dev/,Radio autómata (automaton radio) a future science and community radio station,"For almost three years, with a few isolated transmissions during pandemia, ""radio autómata"" is an internet radio station initially created to support online courses. The attempts weren't succesufull, but we are trying new ideas to become a community radio around science and education. We'll present how it's working at the moment and the future plans.",showcase,,
14:15,Sheroi,Barclay,https://kpiss.fm/,KPISS new location + remote training,We will be explaining our new space and our mission for the community both in the know and new people.,showcase,,
14:30,,,,Interactive Q&A,,workshop,,
15:00,,,,End of the workshop,,break,,
